{
  "notes": [
    {
      "id": 1,
      "title": "ToDoList",
      "text": "Do Keep App"
    },
    {
      "id": 2,
      "title": "Pray for Strength",
      "text": "Don't Pray for an easy life, instead pray for Strength to endure a hard one"
    },
    {
      "title": "what life offers",
      "text": "What life offers a chance on working something worth doing\n",
      "id": 3
    },
    {
      "title": "you cannot solve",
      "text": "You cannot solve a problem at the same level you have created it.",
      "id": 4
    },
    {
      "title": "ToDo List",
      "text": "Keep App Update function\n",
      "id": 5
    },
    {
      "title": "HttpClient",
      "text": "Use Optimistic approach when chance of failure is low while vice versa or pessimistic approach when there is good chance of failing a note save.",
      "id": 6
    }
  ]
}